job link,title,location
https://www.saramin.co.kr/zf_user/jobs/relay/view?rec_idx=44596688," [배달로봇/자율자동차] 펌웨어 및 SW개발 엔지니어 C++ /Python",경기성남시 수정구
https://www.saramin.co.kr/zf_user/jobs/relay/view?rec_idx=44730436," [젯스퍼트] Python개발자 구인",경기수원시 영통구
https://www.saramin.co.kr/zf_user/jobs/relay/view?rec_idx=44501465," 프로그래밍(JAVA, Python) / 디자인 / OA 분야 강사 채용",충북청주시 상당구
https://www.saramin.co.kr/zf_user/jobs/relay/view?rec_idx=44780103," IT개발·데이터(Python/Linux) 채용",경기시흥시
https://www.saramin.co.kr/zf_user/jobs/relay/view?rec_idx=44779668," 응용프로그램개발(Windows, C/C++, C#, Python 外 2개 부문)채용",부산금정구
https://www.saramin.co.kr/zf_user/jobs/relay/view?rec_idx=43696212," 백엔드 주니어 개발자 (PHP, Python)",서울전체
https://www.saramin.co.kr/zf_user/jobs/relay/view?rec_idx=44820938," 백엔드 서버개발자 정규직 채용 ( MySQL , C언어 , Python )",서울송파구
https://www.saramin.co.kr/zf_user/jobs/relay/view?rec_idx=44531589," [팀장급]개발자(PHP/Python/MySQL등) 모집",서울종로구
https://www.saramin.co.kr/zf_user/jobs/relay/view?rec_idx=44792191," [제이어스] AI/머신러닝/딥러닝/C/C++/Python 개발자모집(부산)",부산사상구
https://www.saramin.co.kr/zf_user/jobs/relay/view?rec_idx=44573916," [에이피알] 데이터 사이언티스트 채용(Python)",서울전체
https://www.saramin.co.kr/zf_user/jobs/relay/view?rec_idx=44435815," Python  개발자",경기전체
https://www.saramin.co.kr/zf_user/jobs/relay/view?rec_idx=44778601," [AI번역 서비스] 백엔드 개발자-Python",서울서초구
https://www.saramin.co.kr/zf_user/jobs/relay/view?rec_idx=44798577," AI 개발자(python, django 유경험자) 모집",부산사상구
https://www.saramin.co.kr/zf_user/jobs/relay/view?rec_idx=44810067," 임베디드 SW 개발자 채용 [C++/python]",광주북구
https://www.saramin.co.kr/zf_user/jobs/relay/view?rec_idx=44797180," [포그리트] Backend (Python) 개발자 채용",경기성남시 분당구
https://www.saramin.co.kr/zf_user/jobs/relay/view?rec_idx=44663266," PYTHON,JSP 프론트엔드 개발자 정규/계약 (신입/경력)",서울강서구
https://www.saramin.co.kr/zf_user/jobs/relay/view?rec_idx=44766601," 기흥 S반도체 SDK운영 - Python",경기용인시 기흥구
https://www.saramin.co.kr/zf_user/jobs/relay/view?rec_idx=44496353," 응용 소프트웨어  개발자(PYTHON) 경력직 채용",경기하남시
https://www.saramin.co.kr/zf_user/jobs/relay/view?rec_idx=44552252," 백엔드 개발자 (Python)",서울전체
https://www.saramin.co.kr/zf_user/jobs/relay/view?rec_idx=44821624," 솔루션 개발/Go,  Python/인프라 솔루션 기업",서울구로구
https://www.saramin.co.kr/zf_user/jobs/relay/view?rec_idx=44521055," 백앤드 개발자 (Python) 모집 (신입/경력)",서울강남구
https://www.saramin.co.kr/zf_user/jobs/relay/view?rec_idx=44768051," [경력] 서버 엔지니어 (Python)",서울전체
https://www.saramin.co.kr/zf_user/jobs/relay/view?rec_idx=40925974," 웹개발 경력자 채용 (Python Django, 연봉 업계 최고)",서울전체
https://www.saramin.co.kr/zf_user/jobs/relay/view?rec_idx=44561284," 백엔드 엔지니어 모집(Python/Javascript)",서울영등포구
https://www.saramin.co.kr/zf_user/jobs/relay/view?rec_idx=44705940," Vision/MFC/C# Python Tensorflow CUDA yolo v5 개발직",충남천안시 동남구
https://www.saramin.co.kr/zf_user/jobs/relay/view?rec_idx=43750042," (주)바이오커넥트 - [신입 및 경력] 영상처리 알고리즘 개발(Python,딥러닝)",서울전체
https://www.saramin.co.kr/zf_user/jobs/relay/view?rec_idx=43919131," Sr. Back-end Engineer (Python)",서울전체
https://www.saramin.co.kr/zf_user/jobs/relay/view?rec_idx=44465207," 로봇 시뮬레이터 Python 개발 경력 채용",경기성남시 중원구
https://www.saramin.co.kr/zf_user/jobs/relay/view?rec_idx=44661306," 자료구조, 알고리즘 강사 채용 (C언어, PYTHON) (경력무관)",서울양천구
https://www.saramin.co.kr/zf_user/jobs/relay/view?rec_idx=44737235," [페이히어] 신입 서버 엔지니어 채용 (Python)",서울강남구
https://www.saramin.co.kr/zf_user/jobs/relay/view?rec_idx=44483162," Python 주니어 개발자",서울구로구
https://www.saramin.co.kr/zf_user/jobs/relay/view?rec_idx=44661303," 머신비전  개발자 , C/C++/C#, OpenCV, MIL, PYTHON",경기용인시 기흥구
https://www.saramin.co.kr/zf_user/jobs/relay/view?rec_idx=44835012," 2023년 상반기 Java/C++/Python 개발자 부문별 채용",경기용인시 기흥구
https://www.saramin.co.kr/zf_user/jobs/relay/view?rec_idx=44718796," [바이브컴퍼니] 파이썬 개발자 모집(신입)",서울용산구
https://www.saramin.co.kr/zf_user/jobs/relay/view?rec_idx=44842976," [JAVA SM 을지로] OO카드 백오피스 개발/운영 Python 장기 (1)",서울중구
https://www.saramin.co.kr/zf_user/jobs/relay/view?rec_idx=44330028," [휴레이] 파이썬 백엔드 개발자 (Python Backend Engineer)",서울전체
https://www.saramin.co.kr/zf_user/jobs/relay/view?rec_idx=43019654," Python/Django 백엔드 개발자 (2년 이상)",서울전체
https://www.saramin.co.kr/zf_user/jobs/relay/view?rec_idx=41895007," Python 백엔드 개발자",서울전체
https://www.saramin.co.kr/zf_user/jobs/relay/view?rec_idx=44549878," Python 백엔드 개발자(경력)",서울전체
https://www.saramin.co.kr/zf_user/jobs/relay/view?rec_idx=44766595," 동탄 더베터 개발자 모집 (node.js, Python)",경기화성시
https://www.saramin.co.kr/zf_user/jobs/relay/view?rec_idx=44841635," [신입/경력] 개발자/컨설턴트 채용",서울강남구
https://www.saramin.co.kr/zf_user/jobs/relay/view?rec_idx=44758363," 데이터 엔지니어(BI 개발자, 데이터모델러) 채용(신입/경력)",서울강남구
https://www.saramin.co.kr/zf_user/jobs/relay/view?rec_idx=44830548," 2023년도 제1차 직원 채용(긴급) 공고(마감: 2022.1.25. 24:00)",경북김천시
https://www.saramin.co.kr/zf_user/jobs/relay/view?rec_idx=44484569," [미디어엘] 신입 / 경력 분야별 인재를 모십니다.",서울강서구
https://www.saramin.co.kr/zf_user/jobs/relay/view?rec_idx=44824713," [노르마]각 부문별 개발자 채용(연봉 5,000~7,000/병역특례가능)",서울성동구
https://www.saramin.co.kr/zf_user/jobs/relay/view?rec_idx=44839096," [신입/경력] IT 개발자 및 블록체인 부문 별 채용공고",서울영등포구
https://www.saramin.co.kr/zf_user/jobs/relay/view?rec_idx=44726958," 2023 상반기 백엔드/서버개발/앱개발/웹개발 신입 채용",서울강남구
https://www.saramin.co.kr/zf_user/jobs/relay/view?rec_idx=44845015," 데이터 사이언티스트(주35시간, 풀재택) [AI/빅데이터 플랫폼]",서울강남구
https://www.saramin.co.kr/zf_user/jobs/relay/view?rec_idx=44837599," [자가진단] 자연어처리(NLP) 분야 인공지능(AI)/머신러닝 개발자 (신입가능)",서울전체
https://www.saramin.co.kr/zf_user/jobs/relay/view?rec_idx=44737432," (주)솔리드이엔지 사무직 - 클라우드 기술 신입사원 모집",대전유성구
https://www.saramin.co.kr/zf_user/jobs/relay/view?rec_idx=44599636," 법무법인(유한) 대륜 경영관리팀 데이터 분석관리자 채용",부산해운대구
https://www.saramin.co.kr/zf_user/jobs/relay/view?rec_idx=44846160," 백엔드 개발자 추가 채용 [강남구]",서울전체
https://www.saramin.co.kr/zf_user/jobs/relay/view?rec_idx=44634585," 암빅데이터센터 빅데이터/인공지능 분석 연구원 모집",경기고양시 일산동구
https://www.saramin.co.kr/zf_user/jobs/relay/view?rec_idx=44828184," 암빅데이터센터 연구원 채용 (보건의료정보관리사)",경기고양시 일산동구
https://www.saramin.co.kr/zf_user/jobs/relay/view?rec_idx=44726572," LAB543에서 데이터분석가를 모십니다 (신입,경력)",서울중구
https://www.saramin.co.kr/zf_user/jobs/relay/view?rec_idx=44676937," eDiscovery Project Manager(데이터 분석가) 인턴 채용",서울강남구
https://www.saramin.co.kr/zf_user/jobs/relay/view?rec_idx=44788601," 세일즈포스 부문 (영업, PM/시스템설계, 개발, 컨설팅) 모집",서울영등포구
https://www.saramin.co.kr/zf_user/jobs/relay/view?rec_idx=44832566," (주)디지털존 사업기획팀 개발자/기획자 분야별 모집",서울마포구
https://www.saramin.co.kr/zf_user/jobs/relay/view?rec_idx=44697123," 인공지능/데이터분석 컨텐츠랩 연구원을 모집합니다.",서울동작구
https://www.saramin.co.kr/zf_user/jobs/relay/view?rec_idx=44747842," 웹 풀스택 개발자",서울전체
https://www.saramin.co.kr/zf_user/jobs/relay/view?rec_idx=44812244," [라온시큐어] HR 담당자 (경력 5년이상)",서울강남구
https://www.saramin.co.kr/zf_user/jobs/relay/view?rec_idx=44734842," Sr. Design Methodology and CAD Engineer",미국캘리포니아주
https://www.saramin.co.kr/zf_user/jobs/relay/view?rec_idx=44770448," [지니너스] 신입 / 경력사원 수시채용",서울송파구
https://www.saramin.co.kr/zf_user/jobs/relay/view?rec_idx=44841287," 모바일 쿠폰 서비스 시스템 구축 및 운영",경기용인시 수지구
https://www.saramin.co.kr/zf_user/jobs/relay/view?rec_idx=44791479," 메이크샵 사업부 대규모 인재 모집",서울금천구
https://www.saramin.co.kr/zf_user/jobs/relay/view?rec_idx=44635492," 2023년 상반기 SW개발자 모집 (프론트엔드/백엔드)",경기성남시 분당구
https://www.saramin.co.kr/zf_user/jobs/relay/view?rec_idx=44738137," (주4일 재택/출근) IT 백엔드 서버 개발자 신입/경력",서울강남구
https://www.saramin.co.kr/zf_user/jobs/relay/view?rec_idx=44249449," [국비지원]2023년 취업연계 교육생모집(SW개발자)",부산남구
https://www.saramin.co.kr/zf_user/jobs/relay/view?rec_idx=44617178," [클라우드네트웍스] 클라우드시스템 엔지니어 모집 (신입/경력)",서울강남구
https://www.saramin.co.kr/zf_user/jobs/relay/view?rec_idx=44691628," 프론트엔드 개발자 신입 및 경력 사원 모집",서울송파구
https://www.saramin.co.kr/zf_user/jobs/relay/view?rec_idx=44486107," 사업본부 분야 개발자 모집 공고",서울서초구
https://www.saramin.co.kr/zf_user/jobs/relay/view?rec_idx=44573082," IT개발·데이터 정규직 채용 - 신입/경력",서울강남구
https://www.saramin.co.kr/zf_user/jobs/relay/view?rec_idx=44841946," 한국조명ICT연구원 직원 채용 공고",경기부천시 원미구
https://www.saramin.co.kr/zf_user/jobs/relay/view?rec_idx=44682655," 바이브온에서 함께 일할 데이터 분석가 모집",서울마포구
https://www.saramin.co.kr/zf_user/jobs/relay/view?rec_idx=44844880," [아프리카TV] 서버운영 및 모니터링 (Operation Engineer)",서울서초구
https://www.saramin.co.kr/zf_user/jobs/relay/view?rec_idx=44664788," [경력무관] 금융 & 비금융 Data Scientist 최고의 인재 모십니다",서울종로구
https://www.saramin.co.kr/zf_user/jobs/relay/view?rec_idx=44816601," 데이터분석 및 관리 채용 (정규직)",서울송파구
https://www.saramin.co.kr/zf_user/jobs/relay/view?rec_idx=44844214," [본사/여의도/정규직] KoDATA솔루션 빅데이터 수집/가공/분석",서울영등포구
https://www.saramin.co.kr/zf_user/jobs/relay/view?rec_idx=44838732," 부산 최우수 스타트업  데이터 기획 및 분석가 (신입/경력) 채용",부산해운대구
https://www.saramin.co.kr/zf_user/jobs/relay/view?rec_idx=44807305," [신사업부문] Data Analytics 데이터분석가",서울영등포구
https://www.saramin.co.kr/zf_user/jobs/relay/view?rec_idx=44838550," [쿠팡] Security Engineer (Blue)",서울송파구
https://www.saramin.co.kr/zf_user/jobs/relay/view?rec_idx=44499732," 웹개발자 채용",서울전체
https://www.saramin.co.kr/zf_user/jobs/relay/view?rec_idx=44779282," [DB하이텍] Foundry사업부 1월 경력사원 채용",경기부천시
https://www.saramin.co.kr/zf_user/jobs/relay/view?rec_idx=44822360," 서울대학교병원 데이터 엔지니어 채용",서울종로구
https://www.saramin.co.kr/zf_user/jobs/relay/view?rec_idx=44759687," [네오플] 게임그래픽 직군 분야별 모집",제주제주시
https://www.saramin.co.kr/zf_user/jobs/relay/view?rec_idx=44826271," 디와이 그룹(DY INNOVATE) 수시채용(신입/경력) 모집",전북익산시
https://www.saramin.co.kr/zf_user/jobs/relay/view?rec_idx=44759747," [네오플] 데이터분석팀 게임 운영/이상탐지 데이터 분석가 모집",제주제주시
https://www.saramin.co.kr/zf_user/jobs/relay/view?rec_idx=44725486," [쿠팡] 리테일부문 사업분석가 (Business Analyst)",서울송파구
https://www.saramin.co.kr/zf_user/jobs/relay/view?rec_idx=44583945," [쿠팡] 글로벌 이커머스 사업분석가 (Business Analyst)",서울송파구
https://www.saramin.co.kr/zf_user/jobs/relay/view?rec_idx=44824420," [외국계/영어무관] Hardware/Firmware Engineer",경기고양시 덕양구
https://www.saramin.co.kr/zf_user/jobs/relay/view?rec_idx=44734867," [Coupang] Back-end Engineer (FTS)",서울전체
https://www.saramin.co.kr/zf_user/jobs/relay/view?rec_idx=44789443," [이그니스] 랩노쉬 2023년 공개채용",서울성동구
https://www.saramin.co.kr/zf_user/jobs/relay/view?rec_idx=44844406," Technical Advisor Lead (Fab - Thin Film area)",경기시흥시
https://www.saramin.co.kr/zf_user/jobs/relay/view?rec_idx=44833929," 국립암센터국제암대학원대학교 산학협력단 과제연구원 채용",경기고양시 일산동구
https://www.saramin.co.kr/zf_user/jobs/relay/view?rec_idx=44794130," [고려은단] 업무자동화(RPA)/인프라 담당 사원 채용",서울강남구
https://www.saramin.co.kr/zf_user/jobs/relay/view?rec_idx=44657869," [주38시간 근무/상장사] (주)엔텔스 기획/솔루션/플랫폼 개발자",서울강남구
https://www.saramin.co.kr/zf_user/jobs/relay/view?rec_idx=44463179," 레드팀(모의해킹) 스페셜리스트 경력채용",서울강남구
https://www.saramin.co.kr/zf_user/jobs/relay/view?rec_idx=44760266," [상장기업자회사/정규직/자율주행]티라로보틱스 상반기 공개채용",경기성남시 중원구
https://www.saramin.co.kr/zf_user/jobs/relay/view?rec_idx=44658200," [주 38시간 근무/IT상장사] (주)엔텔스 AI 모델개발/데이터 분석",서울강남구
https://www.saramin.co.kr/zf_user/jobs/relay/view?rec_idx=44676191," IT인프라 담당자 채용(운영/관리)",서울금천구
https://www.saramin.co.kr/zf_user/jobs/relay/view?rec_idx=44735309," [JOYCITY] 데이터사이언티스트 모집 (신입/경력)",경기성남시 분당구
https://www.saramin.co.kr/zf_user/jobs/relay/view?rec_idx=44726161," [앤씨앤/넥스트칩] 2023년 1월 연구소, 영업마케팅 각 부문 모집",경기성남시 분당구
https://www.saramin.co.kr/zf_user/jobs/relay/view?rec_idx=44698338," 클라우드사업부문 Cloud Engineer(IaaS/PaaS) 모집",서울종로구
https://www.saramin.co.kr/zf_user/jobs/relay/view?rec_idx=44722151," [코리아리서치] 2023년 상반기 공채 채용 (신입 및 경력)",서울서초구
https://www.saramin.co.kr/zf_user/jobs/relay/view?rec_idx=44692538," [아이티노매즈] 미들웨어, 연구소 JAVA 개발자 등 정규직 채용",서울구로구
https://www.saramin.co.kr/zf_user/jobs/relay/view?rec_idx=44839152," [수산아이앤티] 상반기 전 부문 채용",서울강남구
https://www.saramin.co.kr/zf_user/jobs/relay/view?rec_idx=44811207," 고객 행동 로그 데이터 분석가 채용(신입,경력)",서울금천구
https://www.saramin.co.kr/zf_user/jobs/relay/view?rec_idx=44820549," [KIS자산평가] 각 부문별 채용 공고",서울영등포구
https://www.saramin.co.kr/zf_user/jobs/relay/view?rec_idx=44691433," [판교 IT 상장사] 대규모채용. 개발자/엔지니어 (전문연구요원)",경기성남시 분당구
https://www.saramin.co.kr/zf_user/jobs/relay/view?rec_idx=44819328," 부국증권(주) 시스템트레이딩 지원 개발자(프로그래머) 채용",서울영등포구
https://www.saramin.co.kr/zf_user/jobs/relay/view?rec_idx=44783353," 정부과제 제안 및 AI 데이터 구축 담당자 모집",서울금천구
https://www.saramin.co.kr/zf_user/jobs/relay/view?rec_idx=44039792," 2023년 상반기 부문별 인재영입(경력)",서울강남구
https://www.saramin.co.kr/zf_user/jobs/relay/view?rec_idx=44805222," 개발/엔지니어/정보보안 경력 직원 모집",서울강남구
https://www.saramin.co.kr/zf_user/jobs/relay/view?rec_idx=44642005," (주)한샘 DT 부문 대규모 채용",서울마포구
https://www.saramin.co.kr/zf_user/jobs/relay/view?rec_idx=44835427," 2023 예가람저축은행 디지털 뱅킹 경력 핵심인력 공개 채용",서울강남구
https://www.saramin.co.kr/zf_user/jobs/relay/view?rec_idx=44841026," [신입/경력] 소프트웨어(SW) 우수인재 모집",서울강남구
https://www.saramin.co.kr/zf_user/jobs/relay/view?rec_idx=44633135," ㈜한샘 IT부문 대규모 채용",서울마포구
https://www.saramin.co.kr/zf_user/jobs/relay/view?rec_idx=44469642," [SWM] 자율주행/인공지능/안전요원/관제 부문별 [신입/경력]모집",경기안양시 동안구
https://www.saramin.co.kr/zf_user/jobs/relay/view?rec_idx=44812596," 2023년 상반기 경력직 모집",경기성남시 수정구
https://www.saramin.co.kr/zf_user/jobs/relay/view?rec_idx=43982553," [미리디] Jr. 백엔드 개발자 - 이미지 프로세싱",서울전체
https://www.saramin.co.kr/zf_user/jobs/relay/view?rec_idx=44846683," [SK그룹 계열사 (주)더비즈] 23년 상반기 각 부문별 경력 채용",서울서초구
https://www.saramin.co.kr/zf_user/jobs/relay/view?rec_idx=44820956," 현대자동차 그룹사 (주)지아이티 상반기 대규모 수시 채용",서울송파구
https://www.saramin.co.kr/zf_user/jobs/relay/view?rec_idx=44768587," (주)리파인 각 부문별 신입/경력 채용공고",서울강남구
https://www.saramin.co.kr/zf_user/jobs/relay/view?rec_idx=44721759," (주)싸이버로지텍 2023년 경력 채용",서울마포구
https://www.saramin.co.kr/zf_user/jobs/relay/view?rec_idx=44776143," 각 부문별 신입 및 경력 채용",경기화성시
https://www.saramin.co.kr/zf_user/jobs/relay/view?rec_idx=44659375," [패스오더] 급성장중인 스타트업 ‘전직군’ 대규모 채용",서울강남구
https://www.saramin.co.kr/zf_user/jobs/relay/view?rec_idx=44387898," 엠큐브테크놀로지 연구원 채용공고",서울강서구
https://www.saramin.co.kr/zf_user/jobs/relay/view?rec_idx=44752480," [사업확장] 각 부문 신규 채용",경기성남시 분당구
https://www.saramin.co.kr/zf_user/jobs/relay/view?rec_idx=44773452," [청주/이차전지] 씨메스 에너지본부(검사사업부) 전 분야 채용",충북청주시
https://www.saramin.co.kr/zf_user/jobs/relay/view?rec_idx=44830223," [대전유망중소기업] 2023 상반기 신입·경력직 채용(사업부/개발부)",대전유성구
https://www.saramin.co.kr/zf_user/jobs/relay/view?rec_idx=44813024," (주)후이즈 개발 / 디자인 / SE / 운영 각 파트 정직원 채용",서울구로구
https://www.saramin.co.kr/zf_user/jobs/relay/view?rec_idx=44768796," 각 부문별 신입.경력직원 채용",서울서대문구
https://www.saramin.co.kr/zf_user/jobs/relay/view?rec_idx=44830132," 해외 유통사업분야 SI개발 경력사원 모집",아시아·중동몽골
https://www.saramin.co.kr/zf_user/jobs/relay/view?rec_idx=44470305," [직영] DYB최선어학원 각 부문 STAFF 모집",서울강남구
https://www.saramin.co.kr/zf_user/jobs/relay/view?rec_idx=44821164," 한국전자기술연구원 비상근전문계약직 연구원 채용 공고",경기성남시 분당구
https://www.saramin.co.kr/zf_user/jobs/relay/view?rec_idx=44798176," 공공 및 교육, 기업 SI 프로젝트 분석/설계/개발자 및 AA 모집",서울중구
https://www.saramin.co.kr/zf_user/jobs/relay/view?rec_idx=44716261," [아이디어키] 2023년 각 부문 신입/경력 채용",서울강남구
https://www.saramin.co.kr/zf_user/jobs/relay/view?rec_idx=44812426," SW 엔지니어, 소프트웨어 개발, 연구소 모집 (신입 및 경력)",서울마포구
https://www.saramin.co.kr/zf_user/jobs/relay/view?rec_idx=44750331," KUNDAL(쿤달) 2023년 1기 공채",서울강남구
https://www.saramin.co.kr/zf_user/jobs/relay/view?rec_idx=44702432," [알바천국] 백엔드 웹개발자 정규직 모집",서울강남구
https://www.saramin.co.kr/zf_user/jobs/relay/view?rec_idx=44696483," [LG이노텍] 부문별 수시채용 모음",서울강서구
https://www.saramin.co.kr/zf_user/jobs/relay/view?rec_idx=44828969," 2023년 상반기 공개채용",서울구로구
https://www.saramin.co.kr/zf_user/jobs/relay/view?rec_idx=44769979," SFA 2023년 1차 채용 16개부문 (1월24일마감)",경기화성시
https://www.saramin.co.kr/zf_user/jobs/relay/view?rec_idx=44826197," [LX세미콘] 2023년 1월 경력사원 채용",서울강남구
https://www.saramin.co.kr/zf_user/jobs/relay/view?rec_idx=44816496," [솔탑] 2023년 각 부문 신입 / 경력 모집",대전유성구
https://www.saramin.co.kr/zf_user/jobs/relay/view?rec_idx=42924332," [자율주행 로봇 개발 스타트업] ROS 개발자 채용 (보충역 편입 가능)",서울전체
https://www.saramin.co.kr/zf_user/jobs/relay/view?rec_idx=44687265," (주)KB저축은행 경력직 채용",서울송파구
https://www.saramin.co.kr/zf_user/jobs/relay/view?rec_idx=44769864," 제일산업 부문별 모집요강(신입 및 경력 사원 모집)",경기화성시
https://www.saramin.co.kr/zf_user/jobs/relay/view?rec_idx=44754679," [카카오모빌리티] 부문별 수시채용 모음",경기성남시 분당구
https://www.saramin.co.kr/zf_user/jobs/relay/view?rec_idx=44738716," JAVA 개발 SI 경력 채용 (PM / PL / 개발)",서울종로구
https://www.saramin.co.kr/zf_user/jobs/relay/view?rec_idx=44830567," [ HNIX ] 각 부문별 신입/경력 채용공고",서울중구
https://www.saramin.co.kr/zf_user/jobs/relay/view?rec_idx=44735469," 캐논코리아 안산사업소 각 부문 채용 (일반 / 연구)",경기안산시
https://www.saramin.co.kr/zf_user/jobs/relay/view?rec_idx=44784587," 2023년 정규직 채용(경영기획, 신용정보 보호/관리, 신용리스크컨설팅)",서울영등포구
https://www.saramin.co.kr/zf_user/jobs/relay/view?rec_idx=44738581," 2023년 1월 NE능률 신입 및 경력(수시) 채용",서울마포구
https://www.saramin.co.kr/zf_user/jobs/relay/view?rec_idx=44796054," [주 4.25일제] 자바 개발자 신입 및 경력 채용",서울마포구
https://www.saramin.co.kr/zf_user/jobs/relay/view?rec_idx=44602342," [SK텔레콤] 부문별 수시채용 모음",서울종로구
https://www.saramin.co.kr/zf_user/jobs/relay/view?rec_idx=44808611," 한국알박(주) 신입/경력 채용",경기평택시
https://www.saramin.co.kr/zf_user/jobs/relay/view?rec_idx=44658605," 2023년 상반기  대한상공회의소 충남인력개발원  취업역량 강화 교육생 모집",충남전체
https://www.saramin.co.kr/zf_user/jobs/relay/view?rec_idx=44763933," 솔로몬텍 본사/해외 분야별 IT인재 채용",서울영등포구
https://www.saramin.co.kr/zf_user/jobs/relay/view?rec_idx=44829625," 현대글로비스 IT부문 경력직 채용",서울성동구
https://www.saramin.co.kr/zf_user/jobs/relay/view?rec_idx=44784881," [AI Agent] AI 엔지니어 담당 (신입)",경기성남시 분당구
https://www.saramin.co.kr/zf_user/jobs/relay/view?rec_idx=44770982," [면접비 지급] 검사 소프트웨어 개발자, 검사운영자 영입",경기화성시
https://www.saramin.co.kr/zf_user/jobs/relay/view?rec_idx=44752169," HR-Tech 스타트업 : 파이낸스/부동산 교육 콘텐츠(HRD) 기획",서울강남구
https://www.saramin.co.kr/zf_user/jobs/relay/view?rec_idx=44747223," [블록체인] 백엔드 개발자",서울강남구
https://www.saramin.co.kr/zf_user/jobs/relay/view?rec_idx=44808500," 2023 상반기 개발자 공채 모집합니다(신입/경력)",경기부천시
https://www.saramin.co.kr/zf_user/jobs/relay/view?rec_idx=44572395," [바램시스템] 2023년 연구소 신입/경력 정규직 사원 모집",대전유성구
https://www.saramin.co.kr/zf_user/jobs/relay/view?rec_idx=44698995," [휴레이] 2022년 신입 경력 인재 적극 채용",서울강남구
https://www.saramin.co.kr/zf_user/jobs/relay/view?rec_idx=44761292," IT개발·데이터(데이터분석가, 모델링 외 ) 채용 공고- 신입/경",서울강남구
https://www.saramin.co.kr/zf_user/jobs/relay/view?rec_idx=44797700," AI 머신비전 영상데이터 처리 개발 채용",서울금천구
https://www.saramin.co.kr/zf_user/jobs/relay/view?rec_idx=44808600," 2023년 상반기 SW 신입 개발자 채용",서울영등포구
https://www.saramin.co.kr/zf_user/jobs/relay/view?rec_idx=44670537," [부산본사] JAVA 웹개발자 채용 공고",부산해운대구
https://www.saramin.co.kr/zf_user/jobs/relay/view?rec_idx=44834085," 이엔유와 함께 성장할 개발자를 모집합니다.",대전유성구
https://www.saramin.co.kr/zf_user/jobs/relay/view?rec_idx=44777512," [NC 자회사] ㈜NC ITS 업무시스템 개발 인원 채용",경기성남시 분당구
https://www.saramin.co.kr/zf_user/jobs/relay/view?rec_idx=44743559," [부산/서울/전국]웹 및 앱 개발자 경력/신입 채용 공고",부산부산진구
https://www.saramin.co.kr/zf_user/jobs/relay/view?rec_idx=44708538," 프론트엔드/백엔드 앱/웹 JAVA PHP 클라우드 서비스 개발자 모집",경기성남시 분당구
https://www.saramin.co.kr/zf_user/jobs/relay/view?rec_idx=41757583," 2022년 하반기 신입 및 경력 대규모 채용",서울금천구
https://www.saramin.co.kr/zf_user/jobs/relay/view?rec_idx=44771114," 상반기 인공지능AI(교육/개발/영업/마케팅/컨설팅) 인재 채용",서울영등포구
https://www.saramin.co.kr/zf_user/jobs/relay/view?rec_idx=44758875," [서울본사] 2023년 각 부문별 경력직 모집",서울구로구
https://www.saramin.co.kr/zf_user/jobs/relay/view?rec_idx=44748869," SW 개발자 채용 (백/프론트엔드, AR/VR, 데이터분석)",서울강남구
https://www.saramin.co.kr/zf_user/jobs/relay/view?rec_idx=44564380," [주3일/유연/IT]기획/백엔드/프론트/퍼블리싱/디자인/영업  채용",서울강서구
https://www.saramin.co.kr/zf_user/jobs/relay/view?rec_idx=44818192," 기술본부 신입 및 경력 채용",서울구로구
https://www.saramin.co.kr/zf_user/jobs/relay/view?rec_idx=44795801," [대구]인문계열 졸업청년 취업경로 전환지원사업(정규직모집)",대구달서구
https://www.saramin.co.kr/zf_user/jobs/relay/view?rec_idx=44701448," [주3일/유연/IT] 전분야 상시 채용",서울강서구
https://www.saramin.co.kr/zf_user/jobs/relay/view?rec_idx=44756560," [한국신용데이터] 부문별 수시채용 모음",서울강남구
https://www.saramin.co.kr/zf_user/jobs/relay/view?rec_idx=44835244," 금융 IT 직무 신입 / 경력 및 영업, 컨설팅, 사업관리 모집",서울구로구
https://www.saramin.co.kr/zf_user/jobs/relay/view?rec_idx=44806448," [현대자동차 사내벤처 ㈜피트릭스] 백엔드/유니티 개발자 채용",서울강남구
https://www.saramin.co.kr/zf_user/jobs/relay/view?rec_idx=44728126," [대전]리튬배터리 전문기업 신입사원 모집(R&D 설계·FW·HW)",대전유성구
https://www.saramin.co.kr/zf_user/jobs/relay/view?rec_idx=44578088," [강남역] 프론트엔드 개발자",서울강남구
https://www.saramin.co.kr/zf_user/jobs/relay/view?rec_idx=44798360," AI 신약 개발 R&D 연구원 채용 모집 (정규직 전환 인턴)",서울강남구
https://www.saramin.co.kr/zf_user/jobs/relay/view?rec_idx=44844192," jsp & java & API연동 웹프로그래머 채용 공고 (신입 정규직)",서울서초구
https://www.saramin.co.kr/zf_user/jobs/relay/view?rec_idx=44659065," [패스오더] 급성장중인 스타트업 '데브옵스 엔지니어' 채용",서울강남구
https://www.saramin.co.kr/zf_user/jobs/relay/view?rec_idx=44687511," 라이브커머스 구축 프로젝트 인턴 채용 (정규직 전환 가능)",서울강남구
https://www.saramin.co.kr/zf_user/jobs/relay/view?rec_idx=44631446," [더블다운인터액티브] 2022 대규모 채용",서울강남구
https://www.saramin.co.kr/zf_user/jobs/relay/view?rec_idx=44830949," JAVA 시계열자료 시각화 및 웹개발자",부산북구
https://www.saramin.co.kr/zf_user/jobs/relay/view?rec_idx=44773559," AI소프트웨어 및 웹 개발 신입 및 경력 채용",경기성남시 분당구
https://www.saramin.co.kr/zf_user/jobs/relay/view?rec_idx=44733251," JAVA / ORACLE / SPRING 개발자 모집 (신입·경력)",서울금천구
https://www.saramin.co.kr/zf_user/jobs/relay/view?rec_idx=44695856," [콴텍 금융 AI] 업무 보조 전반",서울영등포구
https://www.saramin.co.kr/zf_user/jobs/relay/view?rec_idx=44683033," 국성인터내셔널(주) 직군별 신입/경력 채용",경기화성시
https://www.saramin.co.kr/zf_user/jobs/relay/view?rec_idx=44760744," 10대 대기업 계열 IT사  경력채용",서울동대문구
https://www.saramin.co.kr/zf_user/jobs/relay/view?rec_idx=44814812," 기술엔지니어 채용 (신입)",서울강남구
https://www.saramin.co.kr/zf_user/jobs/relay/view?rec_idx=44551083," (공덕) XX증권  빌드시스템 개발 Python / Bash / Perl",서울마포구
https://www.saramin.co.kr/zf_user/jobs/relay/view?rec_idx=44835668," 웹 개발자구인(php, java&jsp, python)",충남천안시 서북구
https://www.saramin.co.kr/zf_user/jobs/relay/view?rec_idx=44621111," [코딩코리아] (JAVA / Spring / Django / python) 개발자 채용",부산금정구
https://www.saramin.co.kr/zf_user/jobs/relay/view?rec_idx=44766047," [신입] 서버 엔지니어 (Python)",서울전체
https://www.saramin.co.kr/zf_user/jobs/relay/view?rec_idx=44828760," [BD Korea] Data Analyst (신입가능, SQL, Python, BI)",서울강남구
https://www.saramin.co.kr/zf_user/jobs/relay/view?rec_idx=43770422," [글로벌디지털마케팅] Python Backend Engineer 모집",서울전체
https://www.saramin.co.kr/zf_user/jobs/relay/view?rec_idx=44649011," 파이썬 백엔드 개발자 (Python Backend Engineer)",서울영등포구
https://www.saramin.co.kr/zf_user/jobs/relay/view?rec_idx=44453360," 파이썬(Python) 개발자 신입/경력 채용",경기용인시 기흥구
https://www.saramin.co.kr/zf_user/jobs/relay/view?rec_idx=44573247," python 시스템 개발 모집",서울강남구
https://www.saramin.co.kr/zf_user/jobs/relay/view?rec_idx=44474948," 머신러닝&인공지능(AI)&Python 外 정규직, 인턴 채용",서울영등포구
https://www.saramin.co.kr/zf_user/jobs/relay/view?rec_idx=44660060," 웹 개발자 (C#, ASP.NET, MVC, Python, Java, JSP)",서울강남구
https://www.saramin.co.kr/zf_user/jobs/relay/view?rec_idx=44750206," 차량용 Software Test 자동화 개발(Python) 및 검증",인천서구
https://www.saramin.co.kr/zf_user/jobs/relay/view?rec_idx=42358916," [패스오더] 백엔드 개발자 (Spring, Python, MSA) (병역특례/산업기능요원/보충역/전직)",서울전체
https://www.saramin.co.kr/zf_user/jobs/relay/view?rec_idx=44637901," Python 개발자 (ML/DL 개발) 채용",서울서초구
https://www.saramin.co.kr/zf_user/jobs/relay/view?rec_idx=44760761," [채용] C# S/W 개발자 or Python 응용 S/W 개발(사원주임대리과",서울금천구
https://www.saramin.co.kr/zf_user/jobs/relay/view?rec_idx=44611820," Java/JSP/Python/빅데이터/AI 분야 신입~경력직 채용",서울송파구
https://www.saramin.co.kr/zf_user/jobs/relay/view?rec_idx=44760470," C#, Python, JAVA 소프트웨어 개발자 채용 (신입/경력)",경기용인시 기흥구
https://www.saramin.co.kr/zf_user/jobs/relay/view?rec_idx=44831377," Java Spring 또는 Python 백엔드 개발자",서울강남구
https://www.saramin.co.kr/zf_user/jobs/relay/view?rec_idx=44769089," Python 개발자",서울전체
https://www.saramin.co.kr/zf_user/jobs/relay/view?rec_idx=44512973," Python/C++/C#/Unity-AI, Vision, 3D카메라[전문연가능]",대전유성구
https://www.saramin.co.kr/zf_user/jobs/relay/view?rec_idx=44502255," [AI] Python JAVA 머신러닝 개발자 모집",대전유성구
https://www.saramin.co.kr/zf_user/jobs/relay/view?rec_idx=44778122," [NHN DATA] 백엔드 개발자(Python) 경력 채용",경기전체
https://www.saramin.co.kr/zf_user/jobs/relay/view?rec_idx=44124843," 시니어 백엔드 개발자 (Python Django)",서울전체
https://www.saramin.co.kr/zf_user/jobs/relay/view?rec_idx=44187454," [아이티존]Python/Java-빅데이터솔루션개발(정규직,대전)",대전전체
https://www.saramin.co.kr/zf_user/jobs/relay/view?rec_idx=44607823," [정규직] JAVA, Python, 웹 프로그램 개발자 모집",경남양산시
https://www.saramin.co.kr/zf_user/jobs/relay/view?rec_idx=44512649," 개발자 모집 :  Python (머신러닝, 데이터분석)",부산해운대구
https://www.saramin.co.kr/zf_user/jobs/relay/view?rec_idx=44841647," [주4.5일] Python 개발직무 경력 채용",서울구로구
https://www.saramin.co.kr/zf_user/jobs/relay/view?rec_idx=44728608," REACT · PHP · PYTHON 개발자 채용",서울영등포구
https://www.saramin.co.kr/zf_user/jobs/relay/view?rec_idx=44570033," [경력&신입] 빅데이터 솔루션 개발-Python,Java(정규직) 채용",대전유성구
https://www.saramin.co.kr/zf_user/jobs/relay/view?rec_idx=44474746," 백엔드 Python 개발자 신입/경력 채용",서울관악구
https://www.saramin.co.kr/zf_user/jobs/relay/view?rec_idx=44452152," (주)엔피코어 웹 개발자(C# / Python)",서울영등포구
https://www.saramin.co.kr/zf_user/jobs/relay/view?rec_idx=44715330," (주)바이오커넥트 - 영상처리 알고리즘 개발(Python 및 딥러닝)",서울서초구
https://www.saramin.co.kr/zf_user/jobs/relay/view?rec_idx=44835850," [정규직] 2022년 상반기 Java/Python 신입 개발자를 모집합니다.",서울중구
https://www.saramin.co.kr/zf_user/jobs/relay/view?rec_idx=44611425," [R&D] 백엔드(python / node.js)",서울전체
https://www.saramin.co.kr/zf_user/jobs/relay/view?rec_idx=44783926," [전문연구요원 가능] C/C++, Python 로봇 제어 개발자",서울종로구
https://www.saramin.co.kr/zf_user/jobs/relay/view?rec_idx=41068534," [패스오더] 백엔드 개발자 (Spring, Python, MSA)",서울전체
https://www.saramin.co.kr/zf_user/jobs/relay/view?rec_idx=44624569," (여의도) xx은행 부동산 데이타허브 운영 (Python)",서울마포구
https://www.saramin.co.kr/zf_user/jobs/relay/view?rec_idx=43532911," [웨이브릿지] Back End(Python) 개발자",서울전체
https://www.saramin.co.kr/zf_user/jobs/relay/view?rec_idx=44490606," [안산]PHP, NODE, Python 개발자 모십니다",경기안산시 상록구
https://www.saramin.co.kr/zf_user/jobs/relay/view?rec_idx=44849691," 소프트웨어 개발 (python) 신입 및 경력 모집",서울강남구
https://www.saramin.co.kr/zf_user/jobs/relay/view?rec_idx=44708782," 상품 데이터 분석 및 기준 정보 관리자",서울마포구
https://www.saramin.co.kr/zf_user/jobs/relay/view?rec_idx=44223628," AI/빅데이터 - Data Scientist 연구개발",서울전체
https://www.saramin.co.kr/zf_user/jobs/relay/view?rec_idx=44595327," 대구본부 연구소 연구원 채용(신입/경력/전문연구요원)",대구수성구
https://www.saramin.co.kr/zf_user/jobs/relay/view?rec_idx=44769348," 백엔드/프론트엔드 개발자 채용 (신입/경력)",서울강남구
https://www.saramin.co.kr/zf_user/jobs/relay/view?rec_idx=39659240," [국비지원 취업] 자바 웹개발/빅데이터/웹디자인/영상/건축",서울전체
https://www.saramin.co.kr/zf_user/jobs/relay/view?rec_idx=44697682," 타이아 주식회사 테크놀로지센터 (광주) 각 부문 채용 공고",광주광산구
https://www.saramin.co.kr/zf_user/jobs/relay/view?rec_idx=44755287," [사람인] Business Analyst 채용",서울구로구
https://www.saramin.co.kr/zf_user/jobs/relay/view?rec_idx=44447254," [(주)이볼루션] 신입/경력 채용 공고",서울영등포구
https://www.saramin.co.kr/zf_user/jobs/relay/view?rec_idx=44760949," [뉴로메카] 로보틱스부문 연구개발부 인력 채용",대전유성구
https://www.saramin.co.kr/zf_user/jobs/relay/view?rec_idx=44763583," [Salesforce/서울] 2023년 개발자 공개채용 (신입ㆍ경력)",서울마포구
https://www.saramin.co.kr/zf_user/jobs/relay/view?rec_idx=44769276," [(주)비스텔리젼스] AI/빅데이터 - Data Scientist 연구개발",서울서초구
https://www.saramin.co.kr/zf_user/jobs/relay/view?rec_idx=44803371," 제어, 계측 분야 S/W 엔지니어 채용 (신입, 경력)",경기부천시
https://www.saramin.co.kr/zf_user/jobs/relay/view?rec_idx=44804573," 대구본부 AI Data 분석가 채용(지역주도형 청년일자리사업)",대구수성구
https://www.saramin.co.kr/zf_user/jobs/relay/view?rec_idx=44813438," [Salesforce/부산] 2023년 개발자 공개채용 (신입ㆍ경력)",부산해운대구
https://www.saramin.co.kr/zf_user/jobs/relay/view?rec_idx=44780307," 데이터분석 및 지표설계 경력사원 모집",서울강남구
https://www.saramin.co.kr/zf_user/jobs/relay/view?rec_idx=44533983," [케빈랩] 각 부문 신입 및 경력 채용",경기안양시 만안구
https://www.saramin.co.kr/zf_user/jobs/relay/view?rec_idx=44829537," [대구]인문계열 졸업청년 취업경로 전환지원사업(정규직모집)",대구달서구
https://www.saramin.co.kr/zf_user/jobs/relay/view?rec_idx=44819996," [뉴로메카] 기술사업부문 시스템개발부 인력 채용",경북포항시 북구
https://www.saramin.co.kr/zf_user/jobs/relay/view?rec_idx=44813158," 이브이알스튜디오 VFX본부 전체 분야 채용",서울강남구
https://www.saramin.co.kr/zf_user/jobs/relay/view?rec_idx=44830684," 2023 IT 신입사원 채용",서울강남구
https://www.saramin.co.kr/zf_user/jobs/relay/view?rec_idx=44754145," [코스닥 상장사] 클라우드 시스템 엔지니어 채용",서울송파구
https://www.saramin.co.kr/zf_user/jobs/relay/view?rec_idx=44783439," 데이터 분석가 - 경력",서울강남구
https://www.saramin.co.kr/zf_user/jobs/relay/view?rec_idx=44758577," 2023년 빅데이터팀 데이터 엔지니어 신입 채용",서울마포구
https://www.saramin.co.kr/zf_user/jobs/relay/view?rec_idx=44732716," [콴텍, 금융, AI] 금융 IT개발자 모집",서울영등포구
https://www.saramin.co.kr/zf_user/jobs/relay/view?rec_idx=44804910," 개발자(응용S/W) 채용(신입/경력)",부산사상구
https://www.saramin.co.kr/zf_user/jobs/relay/view?rec_idx=44656360," [NDsoft]부문별 모집(번역,빅데이터,데이터마이닝)",부산해운대구
https://www.saramin.co.kr/zf_user/jobs/relay/view?rec_idx=44656365," [NDsoft]부문별 모집(앱개발,Server,Web,네트워크,AI,DB,System)",서울강남구
https://www.saramin.co.kr/zf_user/jobs/relay/view?rec_idx=44818395," (주)써로마인드 개발자 모집공고",서울관악구
https://www.saramin.co.kr/zf_user/jobs/relay/view?rec_idx=44767207," [입사축하금 150만 지급](주)버블콘 개발자 채용",서울구로구
https://www.saramin.co.kr/zf_user/jobs/relay/view?rec_idx=44656368," [NDsoft]부문별모집(앱개발,Server,Web,네트워크,DB,AI,System)",부산해운대구
https://www.saramin.co.kr/zf_user/jobs/relay/view?rec_idx=44773553," [6개월 / 정규직 전환 가능] 개발자 인턴십 채용",서울강남구
https://www.saramin.co.kr/zf_user/jobs/relay/view?rec_idx=44769680," 데이터 분석가",서울전체
https://www.saramin.co.kr/zf_user/jobs/relay/view?rec_idx=44659042," [패스오더] 급성장중인 스타트업 '그로스 마케터' 채용",부산부산진구
https://www.saramin.co.kr/zf_user/jobs/relay/view?rec_idx=44769810," 2023 상반기 소네트 정규직 채용 공고(연구/개발, 수성알파시티)",대구수성구
https://www.saramin.co.kr/zf_user/jobs/relay/view?rec_idx=44824354," [INEEJI] (주)인이지 부산 채용 공고(AI연구소/기술컨설팅팀)",부산남구
https://www.saramin.co.kr/zf_user/jobs/relay/view?rec_idx=44659051," [패스오더] 급성장중인 스타트업 '데이터 엔지니어' 채용",부산부산진구
https://www.saramin.co.kr/zf_user/jobs/relay/view?rec_idx=44659085," [패스오더] 급성장중인 스타트업 'Back-End 개발자' 채용",서울강남구
https://www.saramin.co.kr/zf_user/jobs/relay/view?rec_idx=44656356," [NDsoft]부문별 모집(번역,데이터마이닝,빅데이터)",서울강남구
https://www.saramin.co.kr/zf_user/jobs/relay/view?rec_idx=44599105," 2023년 상반기 반도체 장비사 이솔 부문별 경력사원 수시채용",경기화성시
https://www.saramin.co.kr/zf_user/jobs/relay/view?rec_idx=44464485," IT개발팀 쇼핑몰 담당 신입 및 경력직원 모집",서울강남구
https://www.saramin.co.kr/zf_user/jobs/relay/view?rec_idx=44817794," 파이썬 Django 개발자",서울영등포구
https://www.saramin.co.kr/zf_user/jobs/relay/view?rec_idx=44802187," 파이썬 엔지니어 채용(데이터 프로세싱)",서울강남구
https://www.saramin.co.kr/zf_user/jobs/relay/view?rec_idx=44678170," 웹 프로그래밍&웹 개발자 모집 (javascript ,java ,파이썬 개발)",광주남구
https://www.saramin.co.kr/zf_user/jobs/relay/view?rec_idx=44668730," 파이썬(딥러닝) 개발자 모집 [신입]",경기용인시 수지구
https://www.saramin.co.kr/zf_user/jobs/relay/view?rec_idx=44819333," [백엔드] 파이썬 Django GraphQL 개발 채용",서울영등포구
https://www.saramin.co.kr/zf_user/jobs/relay/view?rec_idx=44776096," 웹프로그래밍 & 앱개발자 모집( JAVASCRIPT , JAVA , 파이썬 등)",대전서구
https://www.saramin.co.kr/zf_user/jobs/relay/view?rec_idx=44767744," 파이썬 개발 신입 및 경력 채용",서울마포구
https://www.saramin.co.kr/zf_user/jobs/relay/view?rec_idx=44780545," [백엔드] 파이썬 Django 개발자",서울영등포구
https://www.saramin.co.kr/zf_user/jobs/relay/view?rec_idx=44846451," 파이썬 개발자",경기전체
https://www.saramin.co.kr/zf_user/jobs/relay/view?rec_idx=44486422," (정규직) 백엔드 개발자 모십니다 - 파이썬/장고 기반",서울영등포구
https://www.saramin.co.kr/zf_user/jobs/relay/view?rec_idx=44841755," [헤딩/엘리스] 백엔드 개발(파이썬)",서울강남구
https://www.saramin.co.kr/zf_user/jobs/relay/view?rec_idx=44730389," 파이썬 개발자모집 채용",서울영등포구
https://www.saramin.co.kr/zf_user/jobs/relay/view?rec_idx=44764736," 미국근무 스마트팩토리 신입 채용",미국오하이오주
https://www.saramin.co.kr/zf_user/jobs/relay/view?rec_idx=44734214," 도미노피자 각 부문 (자회사/관계사포함) 공개채용",서울강남구
https://www.saramin.co.kr/zf_user/jobs/relay/view?rec_idx=44741199," [모비데이즈] R&D 백엔드/파이썬 개발자 경력직 채용(-1.31)",서울강남구
https://www.saramin.co.kr/zf_user/jobs/relay/view?rec_idx=44839963," 파이썬 개발 - 의정부 / 재택근무 / 교육지원",경기의정부시
https://www.saramin.co.kr/zf_user/jobs/relay/view?rec_idx=44752708," [SK시그넷] 각 부문 별 신입/경력직 모집",서울영등포구
https://www.saramin.co.kr/zf_user/jobs/relay/view?rec_idx=44808476," C# /C++/파이선 프로그램 사용가능자 모집",경기부천시
https://www.saramin.co.kr/zf_user/jobs/relay/view?rec_idx=44691279," 파이썬 데이터분석 & 데이터 시각화",서울전체
https://www.saramin.co.kr/zf_user/jobs/relay/view?rec_idx=44784045," [신입사원] 파이썬 개발자 계약직 모집 공고",서울동대문구
https://www.saramin.co.kr/zf_user/jobs/relay/view?rec_idx=44694074," IT 프로그래밍, C언어,자바,파이썬 강사 채용",서울강동구
https://www.saramin.co.kr/zf_user/jobs/relay/view?rec_idx=44736737," 캐논코리아 각 부문 채용 (본사/지사)",서울강남구
https://www.saramin.co.kr/zf_user/jobs/relay/view?rec_idx=44724303," SaaS플랫폼 웹솔루션 자바 재배로직/파이썬 AI모델링 개발자",서울구로구
https://www.saramin.co.kr/zf_user/jobs/relay/view?rec_idx=44797338," [SK바이오팜] 각 부문 구성원 모집",경기성남시
https://www.saramin.co.kr/zf_user/jobs/relay/view?rec_idx=42839769," [AI Startup] 파이썬 백엔드 엔지니어",서울전체
https://www.saramin.co.kr/zf_user/jobs/relay/view?rec_idx=44822693," 기흥 S대기업 장기 프로젝트 ( 파이썬 개발자 ) 즉시 투입",경기용인시 기흥구
https://www.saramin.co.kr/zf_user/jobs/relay/view?rec_idx=44822576," 자바/파이선/프로그램 개발자 훈련교사(강사) 채용(경력자우대)",인천미추홀구
https://www.saramin.co.kr/zf_user/jobs/relay/view?rec_idx=44460783," 파이썬 자바 웹 경력직(경력자 및 전문연 병특가능)",서울금천구
https://www.saramin.co.kr/zf_user/jobs/relay/view?rec_idx=44783873," (주)수산이앤에스 연구개발분야 채용",서울강남구
https://www.saramin.co.kr/zf_user/jobs/relay/view?rec_idx=44744223," 한국전자금융(주)  IT부문/CS기기관리 부문  신입/경력 직원 수시채용",서울강남구
https://www.saramin.co.kr/zf_user/jobs/relay/view?rec_idx=44809262," [SGA 그룹사] 부문별 공개 채용",서울송파구
https://www.saramin.co.kr/zf_user/jobs/relay/view?rec_idx=44795479," CREVERSE 신입/경력사원 수시채용",서울강남구
https://www.saramin.co.kr/zf_user/jobs/relay/view?rec_idx=44659527," (주)지식팩토리 학생 코딩 강사 채용(파이썬, 데이터 분석 등)",부산해운대구
https://www.saramin.co.kr/zf_user/jobs/relay/view?rec_idx=44825924," 2023년도 상반기 정기채용(경력/신입) 모집 공고",경기성남시 분당구
https://www.saramin.co.kr/zf_user/jobs/relay/view?rec_idx=44731614," 2023년 상반기 신입 및 경력 수시채용",서울서초구
https://www.saramin.co.kr/zf_user/jobs/relay/view?rec_idx=44784589," ㈜루텍 2023 신입/경력사원 정기 공개채용 (연구개발/ 품질관리/ 생산/기술영업/ 경영지원)",경기수원시 영통구
https://www.saramin.co.kr/zf_user/jobs/relay/view?rec_idx=43221043," LG CNS 각 부문 경력사원 상시 채용",서울강서구
https://www.saramin.co.kr/zf_user/jobs/relay/view?rec_idx=42912594," 각 분야 채용공고",서울용산구
https://www.saramin.co.kr/zf_user/jobs/relay/view?rec_idx=44761514," [주3일 원격근무] 2023년 1월 비상교육그룹 직무별 신입/경력 대규모 인재채용",서울구로구
https://www.saramin.co.kr/zf_user/jobs/relay/view?rec_idx=44796310," 개발(백/프론트엔드),분석,시스템기획,GA개발,세일즈 경리,세일즈포스PM,마케팅툴 구축,UX디자인",서울강남구
https://www.saramin.co.kr/zf_user/jobs/relay/view?rec_idx=44777221," (씨젠) 경력직 채용(회계, 해외영업, SW, UX, 해외법인관리)",서울송파구
https://www.saramin.co.kr/zf_user/jobs/relay/view?rec_idx=44550559," [쿠팡이츠서비스] 전략 담당자 및 데이터분석 담당자 경력 채용",서울강남구
https://www.saramin.co.kr/zf_user/jobs/relay/view?rec_idx=44671055," [Coupang]Instock Management(Service Excellence Data Analysis",서울송파구
https://www.saramin.co.kr/zf_user/jobs/relay/view?rec_idx=44540041," 공공사업 프로젝트 데이터 수행 PM 채용",서울서초구
https://www.saramin.co.kr/zf_user/jobs/relay/view?rec_idx=44713777," 디자인 에이전시 팀장, 사원 채용 (연봉 인상 보장)",서울강남구
https://www.saramin.co.kr/zf_user/jobs/relay/view?rec_idx=44825700," [티빙] 개발부문 경력채용",서울마포구
https://www.saramin.co.kr/zf_user/jobs/relay/view?rec_idx=44839644," [한국자산평가][대체평가부문] 신입(인턴) 및 경력직원 채용공고",서울종로구
https://www.saramin.co.kr/zf_user/jobs/relay/view?rec_idx=44778479," 데이터엔지니어 & 분석가 신입 및 경력직 채용",서울강남구
https://www.saramin.co.kr/zf_user/jobs/relay/view?rec_idx=44773429," 인공지능 및 머신러닝 연구원 (경력무관, 신입가능)",경기안산시 단원구
https://www.saramin.co.kr/zf_user/jobs/relay/view?rec_idx=44776832," [2023 아이코닉무브먼트 채용공고] 시각디자이너",부산해운대구
https://www.saramin.co.kr/zf_user/jobs/relay/view?rec_idx=44765503," (주)알엠소프트 Java, 클라우드 개발자 모집",대전서구
https://www.saramin.co.kr/zf_user/jobs/relay/view?rec_idx=44737074," 쿠팡CFS 물류, 엔지니어,경영지원 경력직 모집",전국
https://www.saramin.co.kr/zf_user/jobs/relay/view?rec_idx=44838899," (주)쎄트렉아이 위성 시스템 개발 및 검증 담당자 모집",대전유성구
https://www.saramin.co.kr/zf_user/jobs/relay/view?rec_idx=44734789," [쿠팡CFS]인사부문(HRM, Recruiting, ER) 대규모 채용",서울송파구
https://www.saramin.co.kr/zf_user/jobs/relay/view?rec_idx=44802697," [SAMG엔터테인먼트] 캐치 티니핑 제작팀 채용 (각 부문별)",서울강남구
https://www.saramin.co.kr/zf_user/jobs/relay/view?rec_idx=44757274," [ASML] Brion Field Applications Engineer-석사신입 or 3년",경기화성시
https://www.saramin.co.kr/zf_user/jobs/relay/view?rec_idx=44779546," [DB하이텍] Brand사업부 1월 경력사원 채용",경기부천시
https://www.saramin.co.kr/zf_user/jobs/relay/view?rec_idx=44248002," [듀폰코리아] Data Engineer 채용 (경력)",충남천안시
https://www.saramin.co.kr/zf_user/jobs/relay/view?rec_idx=44809003," 비엠스마일 2023년 상반기 대규모 마케터 모집",서울강남구
https://www.saramin.co.kr/zf_user/jobs/relay/view?rec_idx=44764245," 생물정보학 연구원 모집 (신입/경력)",인천연수구
https://www.saramin.co.kr/zf_user/jobs/relay/view?rec_idx=44807617," [창신INC] 2023년 1월 경력직 수시채용 (해외영업)",부산사하구
https://www.saramin.co.kr/zf_user/jobs/relay/view?rec_idx=44729067," NH농협카드 전문직 채용공고(자동차할부 리스크관리, 한도전략 )",서울종로구
https://www.saramin.co.kr/zf_user/jobs/relay/view?rec_idx=44813679," 테스트 엔지니어 채용",대전유성구
https://www.saramin.co.kr/zf_user/jobs/relay/view?rec_idx=44779597," [브이에이스튜디오] 프로젝트 아티스트 채용",서울강남구
https://www.saramin.co.kr/zf_user/jobs/relay/view?rec_idx=44606654," [한샘] 전사 보안 담당자",서울전체
https://www.saramin.co.kr/zf_user/jobs/relay/view?rec_idx=44838088," Big Data 분석가 채용",경남김해시
https://www.saramin.co.kr/zf_user/jobs/relay/view?rec_idx=44844052," 최적화 알고리즘 개발",서울전체
https://www.saramin.co.kr/zf_user/jobs/relay/view?rec_idx=44792035," [외국계] Software Engineer",경기성남시 분당구
https://www.saramin.co.kr/zf_user/jobs/relay/view?rec_idx=44845679," [외국계] Software Engineer (1년~5년)",경기성남시 분당구
https://www.saramin.co.kr/zf_user/jobs/relay/view?rec_idx=44827224," HDX그룹 HDXWILL 각 분야 채용 공고",서울종로구
https://www.saramin.co.kr/zf_user/jobs/relay/view?rec_idx=44680722," SW개발, HW개발 신입/경력 채용(APP, Firmware,Hardware)",경기성남시 분당구
https://www.saramin.co.kr/zf_user/jobs/relay/view?rec_idx=44756504," 연합정밀(주) 판교통신연구소 신입/경력 연구원 채용",경기성남시 분당구
https://www.saramin.co.kr/zf_user/jobs/relay/view?rec_idx=44738925," Junior DBA",서울강남구
https://www.saramin.co.kr/zf_user/jobs/relay/view?rec_idx=43697192," 휘슬사업부 인재 채용 (서비스기획/B2B영업/UI·UX/마케팅 등)",서울강남구
https://www.saramin.co.kr/zf_user/jobs/relay/view?rec_idx=44703775," ㈜리얼타임테크 SW 개발 신입/경력 채용",대전유성구
https://www.saramin.co.kr/zf_user/jobs/relay/view?rec_idx=44767590," [딜라이브] RPA사업팀 개발자(신입/경력) 채용",서울송파구
https://www.saramin.co.kr/zf_user/jobs/relay/view?rec_idx=44822371," (주)한화/글로벌 App 개발자 경력사원 모집",경기성남시 분당구
https://www.saramin.co.kr/zf_user/jobs/relay/view?rec_idx=44827318," 연구개발, S/W 신입 및 경력사원 모집",경기용인시 기흥구
https://www.saramin.co.kr/zf_user/jobs/relay/view?rec_idx=44812217," [여의도/일본계]스마트폰 카메라 시스템 엔지니어(신입가능)",서울영등포구
https://www.saramin.co.kr/zf_user/jobs/relay/view?rec_idx=44713919," [본사] DT사업본부 솔루션 기획사업 인재채용 Mj2P",서울영등포구
https://www.saramin.co.kr/zf_user/jobs/relay/view?rec_idx=44646201," 전 직무 채용 [개발/품질/회로설계/사업기획]",경기성남시 분당구
https://www.saramin.co.kr/zf_user/jobs/relay/view?rec_idx=44463673," [한국전력과정/취업연계과정] 2023년도 국비 기술교육생 모집",광주광산구
https://www.saramin.co.kr/zf_user/jobs/relay/view?rec_idx=44737895," 각 분야별 신입 및 경력사원 모집",서울송파구
https://www.saramin.co.kr/zf_user/jobs/relay/view?rec_idx=44667280," 2023 상반기 각 부문 신입 및 경력 채용(병역특례지정업체)",경기군포시
https://www.saramin.co.kr/zf_user/jobs/relay/view?rec_idx=44805495," 2023 엔젤로보틱스 각 분야 채용 (전문연구요원 포함)",서울성동구
https://www.saramin.co.kr/zf_user/jobs/relay/view?rec_idx=44671974," P열O정W좋E아R[AR, 메타버스]기획마케팅/3D/2D/unity개발/3D/HR",서울강남구
https://www.saramin.co.kr/zf_user/jobs/relay/view?rec_idx=44683843," [백엔드/프론트엔드] IT 솔루션 개발자 정규직 채용 (경력&신입)",서울강남구
https://www.saramin.co.kr/zf_user/jobs/relay/view?rec_idx=44762958," [GOPIZZA 채용] 미래기술연구소 기획자 / AI 연구원 모집",서울마포구
https://www.saramin.co.kr/zf_user/jobs/relay/view?rec_idx=44769559," 2023 상반기 부문별 공개채용",서울서초구
https://www.saramin.co.kr/zf_user/jobs/relay/view?rec_idx=43408746," 언리얼, 유니티 개발자",서울전체
https://www.saramin.co.kr/zf_user/jobs/relay/view?rec_idx=44758145," [플라이빗 가상자산거래소 (FLYBIT)] 각 부문별 신입/경력 직원채용",서울강남구
https://www.saramin.co.kr/zf_user/jobs/relay/view?rec_idx=44728453," [DBA(팀장급)/정보보안/QA엔지니어] 신입/경력 모집",서울서초구
https://www.saramin.co.kr/zf_user/jobs/relay/view?rec_idx=44751967," HR-Tech 스타트업 : 데이터 사이언스 교육 콘텐츠(HRD) 기획 PM",서울강남구
https://www.saramin.co.kr/zf_user/jobs/relay/view?rec_idx=44661279," [판교 연구소] 개발(SW/FW/HW) 연구원 모집(신입/경력)",경기성남시 분당구
https://www.saramin.co.kr/zf_user/jobs/relay/view?rec_idx=44768062," [주 3일/유연근무제] 각 부문 채용",서울강서구
https://www.saramin.co.kr/zf_user/jobs/relay/view?rec_idx=44753833," (주)푸드테크 하반기 IT부문 채용",서울강남구
https://www.saramin.co.kr/zf_user/jobs/relay/view?rec_idx=44606424," [하나금융그룹 자회사] 경력직 수시 채용",서울중구
https://www.saramin.co.kr/zf_user/jobs/relay/view?rec_idx=44736598," [GIANTSTEP] 부문별 수시채용 모음",서울강남구
https://www.saramin.co.kr/zf_user/jobs/relay/view?rec_idx=44807776," C++/Java/응용프로그램 개발 신입 및 경력 채용",서울금천구
https://www.saramin.co.kr/zf_user/jobs/relay/view?rec_idx=44833011," 백엔드/프론트엔드/서비스기획/해외플랫폼구축/디지털마케팅",서울강남구
https://www.saramin.co.kr/zf_user/jobs/relay/view?rec_idx=44822298," [블리자드엔터테인먼트] 부문별 수시채용 모음",서울전체
https://www.saramin.co.kr/zf_user/jobs/relay/view?rec_idx=44766092," 2023 상반기 공개 채용",서울서초구
https://www.saramin.co.kr/zf_user/jobs/relay/view?rec_idx=44288620," [넷마블] 부문별 수시채용 모음",서울구로구
https://www.saramin.co.kr/zf_user/jobs/relay/view?rec_idx=44638478," AI, 머신러닝 데이터분석가 등 신입 및 경력 채용",서울강남구
https://www.saramin.co.kr/zf_user/jobs/relay/view?rec_idx=44670858," 대한민국 IT 스타트업과 미래를 이끌어 갈 인재를 채용합니다.",경기성남시
https://www.saramin.co.kr/zf_user/jobs/relay/view?rec_idx=44541544," 한국폴리텍대학 전문기술·하이테크과정 신입생 모집",전국
https://www.saramin.co.kr/zf_user/jobs/relay/view?rec_idx=44779791," [카카오브레인] 부문별 수시채용 모음",경기성남시
https://www.saramin.co.kr/zf_user/jobs/relay/view?rec_idx=44729723," [한화생명보험] 부문별 수시채용 모음",서울영등포구
https://www.saramin.co.kr/zf_user/jobs/relay/view?rec_idx=44528796," [카카오페이증권] 부문별 수시채용 모음",경기성남시 분당구
https://www.saramin.co.kr/zf_user/jobs/relay/view?rec_idx=44812714," [카페24] 부문별 수시채용 모음",서울동작구
https://www.saramin.co.kr/zf_user/jobs/relay/view?rec_idx=44787492," [스마일게이트] 부문별 수시채용 모음",경기성남시 분당구
https://www.saramin.co.kr/zf_user/jobs/relay/view?rec_idx=44752604," IT 부문 신입 채용",서울서초구
https://www.saramin.co.kr/zf_user/jobs/relay/view?rec_idx=44804919," 2023 상반기 퀸텟시스템즈 공개채용",서울영등포구
https://www.saramin.co.kr/zf_user/jobs/relay/view?rec_idx=44838333," ㈜에이앤지테크놀로지 2023년 상반기 신입 및 경력 채용",경기시흥시
https://www.saramin.co.kr/zf_user/jobs/relay/view?rec_idx=44825269," 상반기 각 부문 신입 및 경력 모집",경기성남시
https://www.saramin.co.kr/zf_user/jobs/relay/view?rec_idx=44765932," 각 부문별 신입/경력직 채용",서울송파구
https://www.saramin.co.kr/zf_user/jobs/relay/view?rec_idx=44765454," [LG유플러스] 부문별 수시채용 모음",서울전체
https://www.saramin.co.kr/zf_user/jobs/relay/view?rec_idx=44727785," 노랑풍선 CRM/법인영업/MD/호텔/IT기획/CS 부문 채용",서울중구
https://www.saramin.co.kr/zf_user/jobs/relay/view?rec_idx=44802306," 에스디바이오센서(주) 수원본사 연구개발부문 신입/경력직 모집",경기수원시 영통구
https://www.saramin.co.kr/zf_user/jobs/relay/view?rec_idx=44694522," 한국유미코아 기술연구소 채용",충남천안시 서북구
